State,Crime_2014,Crime_2015,Crime_2016,Crime_Per_Share,Crime_Rate
ANDHRA PRADESH,114604,110693,106774,3.6,206.4
ARUNACHAL PRADESH,2843,2968,2534,0.1,192.3
ASSAM,94337,103616,102250,3.4,313.9
BIHAR,177595,176973,164163,5.5,157.4
CHHATTISGARH,58200,56692,55029,1.8,211.7
GOA,4466,3074,2692,0.1,135.6
GUJARAT,131385,126935,147122,4.9,233.2
HARYANA,79947,84466,88527,3.0,320.6
HIMACHAL PRADESH,14160,14007,13386,0.4,188.1
JAMMU & KASHMIR,23848,23583,24501,0.8,196.6
JHARKHAND,45335,45050,40710,1.4,120.4
KARNATAKA,137338,138847,148402,5.0,237.2
KERALA,206789,257074,260097,8.7,727.6
MADHYA PRADESH,272423,268614,264418,8.9,337.9
MAHARASHTRA,249834,275414,261714,8.8,217.1
MANIPUR,3641,3847,3170,0.1,121.9
MEGHALAYA,3679,4079,3366,0.1,120.9
MIZORAM,2140,2228,2425,0.1,227.3
NAGALAND,1157,1302,1376,0.0,57.6
ODISHA,74569,83360,81460,2.7,191.3
PUNJAB,37162,37983,40007,1.3,137.0
RAJASTHAN,210418,198080,180398,6.1,246.2
SIKKIM,1065,766,809,0.0,124.7
TAMIL NADU,193200,187558,179896,6.0,258.8
TELANGANA,106830,106282,108991,3.7,295.7
TRIPURA,5499,4692,3933,0.1,102.4
UTTAR PRADESH,240475,241920,282171,9.5,128.7
UTTARAKHAND,9156,10248,10867,0.4,101.8
WEST BENGAL,185672,179501,176569,5.9,188.2
ANDAMAN & NICOBAR ISLANDS,746,862,802,0.0,144.8
CHANDIGARH,3221,3248,2996,0.1,166.4
DADRA & NAGAR HAVELI,277,269,244,0.0,57.4
DAMAN & DIU,233,302,271,0.0,81.1
NCT OF DELHI,155654,191377,209519,7.0,974.9
LAKSHADWEEP,81,50,36,0.0,43.9
PUDUCHERRY,3584,3440,4086,0.1,242.8
